{"cameraMode":{"drawMode":0,"name":"Shaded","section":"Shading Mode"},"sceneLighting":false,"audioPlay":false,"sceneViewState":{"m_AlwaysRefresh":false,"showFog":true,"showSkybox":false,"showFlares":true,"showImageEffects":true,"showParticleSystems":true,"showVisualEffectGraphs":true,"m_FxEnabled":true},"in2DMode":false,"pivot":{"x":-0.9133949279785156,"y":0.7353343963623047,"z":1.6683611869812012},"rotation":{"x":0.7052873969078064,"y":0.03291415423154831,"z":-0.03282208740711212,"w":0.7074071764945984},"size":4.178773880004883,"orthographic":false}